{
  "train_BLEU_1": 0.07305084745762588,
  "train_BLEU_2": 0.0031742682557831126,
  "train_BLEU_3": 5.6122559032177886e-09,
  "train_BLEU_4": 7.495594645974475e-12,
  "train_ROUGE_L": 0.0826317716023887,
  "train_CIDER": 8.111285509688243e-05
}