{
  "val_BLEU_1": 0.0684729848014636,
  "val_BLEU_2": 0.002354267629783314,
  "val_BLEU_3": 3.5739823313306424e-09,
  "val_BLEU_4": 4.423055544550833e-12,
  "val_ROUGE_L": 0.07776765356866575,
  "val_CIDER": 3.5076832916035595e-05,
  "test_BLEU_1": 0.06794598061698752,
  "test_BLEU_2": 0.0018276082910488115,
  "test_BLEU_3": 2.476526921413176e-09,
  "test_BLEU_4": 2.89564106802734e-12,
  "test_ROUGE_L": 0.0718036105097998,
  "test_CIDER": 7.245144744912379e-05
}